Variety,Rootstock,Column,year,SSC,TA,pH,BerryWt,Yield_Avg,ClusterNum_Avg,Pruning_Avg,Ravaz_Index
Cabernet Sauvignon,039-16,4,1995,22,7.1,3.47,1.25,15.33333333,118,1.2,12.77777778
Cabernet Sauvignon,039-16,3,1995,22.2,6.9,3.4,1.11,16.33333333,121,1.266666667,12.89473684
Cabernet Sauvignon,039-16,2,1995,22.2,6.9,3.51,1.33,13.33333333,93.66666667,1.116666667,11.94029851
Cabernet Sauvignon,039-16,1,1995,22.6,5.9,3.49,0.84,8.333333333,95,0.596666667,13.96648045
Cabernet Sauvignon,101-14 MGT,1,1995,23,7.2,3.31,1.2,12.66666667,116.6666667,0.576666667,21.96531792
Cabernet Sauvignon,101-14 MGT,3,1995,23.8,7,3.48,1.17,14.66666667,107.3333333,1.1,13.33333333
Cabernet Sauvignon,101-14 MGT,2,1995,23,6.6,3.45,1.39,15.33333333,107,0.796666667,19.24686192
Cabernet Sauvignon,101-14 MGT,4,1995,22.4,7.2,3.53,1.16,12.33333333,111.3333333,1.266666667,9.736842105
Cabernet Sauvignon,110 Richter,3,1995,23.6,7.8,3.4,1.17,13,99,1.216666667,10.68493151
Cabernet Sauvignon,110 Richter,1,1995,22.4,7.3,3.32,1.18,18,107,1.1,16.36363636
Cabernet Sauvignon,110 Richter,4,1995,23.4,7.2,3.5,1.25,14,109.3333333,1.466666667,9.545454545
Cabernet Sauvignon,110 Richter,2,1995,22.2,6.6,3.5,1.1,13.66666667,105,0.863333333,15.83011583
Cabernet Sauvignon,1103 Paulsen,2,1995,23.4,7.3,3.35,1.1,13.66666667,104,1.133333333,12.05882353
Cabernet Sauvignon,1103 Paulsen,3,1995,23,7.4,3.44,1.25,14.66666667,92,1.633333333,8.979591837
Cabernet Sauvignon,1103 Paulsen,1,1995,21.6,7.5,3.37,1.38,13.66666667,113.3333333,1.066666667,12.8125
Cabernet Sauvignon,1103 Paulsen,4,1995,22.2,7.1,3.58,1.21,13.66666667,101.3333333,1.4,9.761904762
Cabernet Sauvignon,140Ru,2,1995,22.2,6.9,3.41,0.95,13,166,0.693333333,18.75
Cabernet Sauvignon,140Ru,1,1995,21.6,7.1,3.33,1.11,11.66666667,134.3333333,0.52,22.43589744
Cabernet Sauvignon,140Ru,3,1995,22.2,7.2,3.43,1.14,13.33333333,153,1.133333333,11.76470588
Cabernet Sauvignon,140Ru,4,1995,22,6.6,3.6,1.11,10.5,114,0.963333333,10.89965398
Cabernet Sauvignon,3309 Couderc,1,1995,23.2,7.5,3.35,1.25,14.33333333,114.6666667,1.193333333,12.01117318
Cabernet Sauvignon,3309 Couderc,2,1995,23,7.3,3.44,1.38,14.66666667,113.6666667,1.166666667,12.57142857
Cabernet Sauvignon,3309 Couderc,4,1995,22.8,7.2,3.47,1.19,13.66666667,95,1.2,11.38888889
Cabernet Sauvignon,3309 Couderc,3,1995,22.6,7.3,3.49,1.36,15,107.6666667,1.4,10.71428571
Cabernet Sauvignon,420 A,2,1995,23.4,7.7,3.44,1.32,9.833333333,92,0.633333333,15.52631579
Cabernet Sauvignon,420 A,1,1995,23.6,7.4,3.31,1.21,13.06666667,99,0.806666667,16.19834711
Cabernet Sauvignon,420 A,4,1995,22.2,6.9,3.5,1.16,13,102,0.976666667,13.3105802
Cabernet Sauvignon,420 A,3,1995,22,7.2,3.49,1.13,13.33333333,122.3333333,0.96,13.88888889
Cabernet Sauvignon,775 Paulsen,1,1995,22.8,7,3.38,0.9,12.73333333,124.3333333,0.883333333,14.41509434
Cabernet Sauvignon,775 Paulsen,4,1995,22.6,7.3,3.44,1.04,11.73333333,108.3333333,0.95,12.35087719
Cabernet Sauvignon,775 Paulsen,2,1995,22,7.4,3.36,1.11,12.6,138.5,0.916666667,13.74545455
Cabernet Sauvignon,775 Paulsen,3,1995,22,6.9,3.53,1.04,10.43333333,137.6666667,1.04,10.03205128
Cabernet Sauvignon,Freedom,4,1995,23.8,6.9,3.61,1.24,14.33333333,99.66666667,1.533333333,9.347826087
Cabernet Sauvignon,Freedom,3,1995,23.2,7.5,3.51,1.18,16.66666667,132.6666667,1.6,10.41666667
Cabernet Sauvignon,Freedom,1,1995,22.4,6.9,3.42,1.29,13.73333333,100.3333333,0.846666667,16.22047244
Cabernet Sauvignon,Freedom,2,1995,22.4,7.3,3.48,1.26,17,116,1.05,16.19047619
Cabernet Sauvignon,K51-32,4,1995,22.2,7.3,3.5,1.3,15,122.6666667,1.166666667,12.85714286
Cabernet Sauvignon,K51-32,3,1995,22.8,7.3,3.56,1.28,14,103.6666667,1.333333333,10.5
Cabernet Sauvignon,K51-32,2,1995,22,7,3.54,1.28,11,99.66666667,0.77,14.28571429
Cabernet Sauvignon,K51-32,1,1995,22.8,7,3.55,1.39,15.33333333,97.66666667,0.95,16.14035088
Cabernet Sauvignon,Kober 5BB,2,1995,22,7,3.47,1.1,13.66666667,113,0.703333333,19.43127962
Cabernet Sauvignon,Kober 5BB,4,1995,22.4,6.8,3.49,1.08,11.66666667,118,0.843333333,13.83399209
Cabernet Sauvignon,Kober 5BB,1,1995,23.2,6.5,3.45,0.72,6.866666667,133.6666667,0.363333333,18.89908257
Cabernet Sauvignon,Kober 5BB,3,1995,22.8,7.4,3.39,1.1,14,113.3333333,0.963333333,14.53287197
Cabernet Sauvignon,Ramsey,4,1995,22.4,6.9,3.52,1.23,15.33333333,110.3333333,1.2,12.77777778
Cabernet Sauvignon,Ramsey,1,1995,22.6,7.9,3.41,1.41,16,97.66666667,1.156666667,13.83285303
Cabernet Sauvignon,Ramsey,3,1995,21.6,8,3.47,1.25,20.33333333,127,1.466666667,13.86363636
Cabernet Sauvignon,Ramsey,2,1995,21.4,6.5,3.45,1.12,10.86666667,80.33333333,1.006666667,10.79470199
Cabernet Sauvignon,Schwarzmann,2,1995,23,6.8,3.44,1.18,12.2,102.3333333,0.963333333,12.66435986
Cabernet Sauvignon,Schwarzmann,1,1995,22.4,6.6,3.39,1.13,13.66666667,98.33333333,1.01,13.53135314
Cabernet Sauvignon,Schwarzmann,4,1995,22,7.1,3.43,1.15,12.16666667,101.3333333,0.83,14.65863454
Cabernet Sauvignon,Schwarzmann,3,1995,22,6.1,3.78,1.17,9.9,83.66666667,0.763333333,12.96943231
Cabernet Sauvignon,SO4,2,1995,21,7.3,3.38,1.13,15.5,131.5,0.77,20.12987013
Cabernet Sauvignon,SO4,4,1995,22.2,6.3,3.57,1.1,11,101.6666667,0.77,14.28571429
Cabernet Sauvignon,SO4,1,1995,21.6,7.5,3.31,0.87,14.5,148.5,0.55,26.36363636
Cabernet Sauvignon,SO4,3,1995,21.4,7.3,3.37,1.1,11.96666667,121,0.85,14.07843137
Cabernet Sauvignon,Teleki 5C,3,1995,23,6.7,3.61,1.32,14.66666667,96.33333333,1.266666667,11.57894737
Cabernet Sauvignon,Teleki 5C,4,1995,22.2,6.6,3.44,1.14,12,95,1,12
Cabernet Sauvignon,Teleki 5C,2,1995,23.4,7,3.33,1.1,12.66666667,94.66666667,0.87,14.55938697
Cabernet Sauvignon,Teleki 5C,1,1995,22,6.8,3.45,1.12,8,89.33333333,0.516666667,15.48387097
Chardonnay,039-16,1,1995,22.6,7.6,3.18,1.3,8.9,47,0.496666667,17.91946309
Chardonnay,039-16,2,1995,21.4,8.2,3.21,1.4,14.66666667,63,0.656666667,22.33502538
Chardonnay,039-16,3,1995,21.8,6.6,3.56,1.3,10.16666667,78.66666667,0.853333333,11.9140625
Chardonnay,039-16,4,1995,22.4,7.1,3.32,1.45,12.33333333,70.66666667,0.996666667,12.37458194
Chardonnay,101-14 MGT,1,1995,23,6.7,3.24,1.44,14,69.33333333,0.913333333,15.32846715
Chardonnay,101-14 MGT,2,1995,23.2,7.1,3.26,1.28,10.36666667,57,0.4,25.91666667
Chardonnay,101-14 MGT,3,1995,22.6,6.7,3.21,1.18,13.66666667,81.33333333,0.78,17.52136752
Chardonnay,101-14 MGT,4,1995,22.2,8.3,3.26,1.35,12.03333333,62.66666667,0.62,19.40860215
Chardonnay,110 Richter,1,1995,23,7.6,3.32,1.42,11.26666667,58,0.983333333,11.45762712
Chardonnay,110 Richter,2,1995,22.6,7.8,3.24,1.4,14,66.33333333,0.673333333,20.79207921
Chardonnay,110 Richter,3,1995,22.8,7,3.24,1.33,10.43333333,66,0.823333333,12.67206478
Chardonnay,110 Richter,4,1995,23.2,8.5,3.29,1.35,12.06666667,67,0.803333333,15.02074689
Chardonnay,1103 Paulsen,1,1995,22.8,8.2,3.16,1.37,12.66666667,60,0.66,19.19191919
Chardonnay,1103 Paulsen,2,1995,23,6.3,3.3,1.38,8.7,51.66666667,0.876666667,9.923954373
Chardonnay,1103 Paulsen,3,1995,23.2,7.4,3.29,1.47,8.533333333,52.66666667,1.143333333,7.463556851
Chardonnay,1103 Paulsen,4,1995,23,7,3.34,1.28,9.733333333,59,1.2,8.111111111
Chardonnay,140Ru,1,1995,21.4,6.6,3.31,1.17,14,76,0.356666667,39.25233645
Chardonnay,140Ru,2,1995,21,6.2,3.23,0.91,9.4,68.33333333,0.363333333,25.87155963
Chardonnay,140Ru,3,1995,21,7.5,3.23,1.22,14,88.33333333,0.756666667,18.50220264
Chardonnay,140Ru,4,1995,21.8,6.4,3.22,0.98,13.03333333,77.33333333,0.553333333,23.55421687
Chardonnay,3309 Couderc,1,1995,23.4,7.6,3.26,1.15,10,46,0.756666667,13.21585903
Chardonnay,3309 Couderc,2,1995,23.6,8,3.23,1.43,8.5,59.33333333,0.626666667,13.56382979
Chardonnay,3309 Couderc,3,1995,23,7.4,3.3,1.42,8.466666667,55.66666667,1.2,7.055555556
Chardonnay,3309 Couderc,4,1995,23,7.5,3.37,1.35,7.033333333,61.33333333,1.1,6.393939394
Chardonnay,420 A,1,1995,22.6,7.4,3.2,1.15,7.233333333,53.66666667,0.256666667,28.18181818
Chardonnay,420 A,2,1995,24.4,8.4,3.34,1.36,8.566666667,50.66666667,0.316666667,27.05263158
Chardonnay,420 A,3,1995,24.2,6.8,3.28,1.23,8.966666667,54,0.66,13.58585859
Chardonnay,420 A,4,1995,24,7.5,3.31,1.36,11.6,77.33333333,0.936666667,12.38434164
Chardonnay,775 Paulsen,1,1995,22,5.6,3.41,0.7,5.766666667,55.66666667,0.503333333,11.45695364
Chardonnay,775 Paulsen,2,1995,21.8,5.7,3.51,0.79,5.633333333,68,0.62,9.086021505
Chardonnay,775 Paulsen,3,1995,23,6.8,3.36,1.15,4.5,35.33333333,0.576666667,7.803468208
Chardonnay,775 Paulsen,4,1995,22,6.1,3.4,0.97,7.533333333,66.33333333,0.8,9.416666667
Chardonnay,Freedom,1,1995,24,8.7,3.28,1.43,8.2,41.33333333,0.75,10.93333333
Chardonnay,Freedom,2,1995,24.2,7.4,3.26,1.34,11.33333333,74,0.683333333,16.58536585
Chardonnay,Freedom,3,1995,22.8,9.1,3.39,1.44,10.06666667,62.33333333,0.886666667,11.35338346
Chardonnay,Freedom,4,1995,22.4,7.9,3.51,1.5,11.33333333,61,1.766666667,6.41509434
Chardonnay,K51-32,1,1995,23.4,7.3,3.21,1.31,9.033333333,47.66666667,0.613333333,14.72826087
Chardonnay,K51-32,2,1995,23.8,8.2,3.29,1.38,12.66666667,60,0.56,22.61904762
Chardonnay,K51-32,3,1995,23.6,7,3.3,1.33,7.7,57.33333333,0.73,10.54794521
Chardonnay,K51-32,4,1995,23.6,8.3,3.42,1.36,8.666666667,66.66666667,1.106666667,7.831325301
Chardonnay,Kober 5BB,1,1995,21.4,7.3,3.16,0.98,8.166666667,59,0.406666667,20.08196721
Chardonnay,Kober 5BB,2,1995,22,5.9,3.22,1,8.666666667,75,0.453333333,19.11764706
Chardonnay,Kober 5BB,3,1995,23.6,6.2,3.37,1.24,9.633333333,75,0.84,11.46825397
Chardonnay,Kober 5BB,4,1995,19.8,7.7,3.27,1.14,17,90,0.525,32.38095238
Chardonnay,Ramsey,1,1995,23,7.5,3.27,1.35,7.966666667,38.66666667,0.606666667,13.13186813
Chardonnay,Ramsey,2,1995,23.2,7.9,3.35,1.33,13.43333333,48,0.986666667,13.61486486
Chardonnay,Ramsey,3,1995,22.4,7.5,3.26,1.46,13.83333333,82.66666667,0.98,14.11564626
Chardonnay,Ramsey,4,1995,22.4,8.6,3.3,1.49,11.63333333,52,0.88,13.21969697
Chardonnay,SO4,1,1995,21.4,6.2,3.33,0.86,12.33333333,73.33333333,0.34,36.2745098
Chardonnay,SO4,2,1995,21,7,3.18,1.07,13.83333333,90,0.446666667,30.97014925
Chardonnay,SO4,3,1995,23,5.8,3.48,1.27,8.033333333,73.66666667,1.293333333,6.211340206
Chardonnay,SO4,4,1995,20,7.4,3.27,1.17,15.33333333,86.66666667,0.46,33.33333333
Chardonnay,Schwarzmann,1,1995,23,7.6,3.31,1.16,NA,NA,0.56,NA
Chardonnay,Schwarzmann,2,1995,23.4,6.6,3.25,1.18,NA,NA,0.9,NA
Chardonnay,Schwarzmann,3,1995,22.4,6.8,3.33,1.31,NA,NA,0.816666667,NA
Chardonnay,Schwarzmann,4,1995,22,7.5,3.32,1.28,NA,NA,0.673333333,NA
Chardonnay,Teleki 5C,1,1995,24.2,7.3,3.31,1.28,7.033333333,65,0.82,8.577235772
Chardonnay,Teleki 5C,2,1995,22.8,8,3.22,1.4,10.46666667,58.66666667,0.673333333,15.54455446
Chardonnay,Teleki 5C,3,1995,23.2,9.3,3.36,1.4,9.866666667,55.33333333,0.683333333,14.43902439
Chardonnay,Teleki 5C,4,1995,23,7,3.33,1.41,8.666666667,45,0.71,12.20657277
Cabernet Sauvignon,039-16,4,1996,21.8,7.7,3.38,1.18,8.5,69.66666667,3.166666667,2.684210526
Cabernet Sauvignon,039-16,3,1996,22,8,3.29,1.13,11.76666667,81.33333333,3.766666667,3.123893805
Cabernet Sauvignon,039-16,2,1996,22.8,6.8,3.38,1.32,13,87,2.7,4.814814815
Cabernet Sauvignon,039-16,1,1996,22,7.2,3.26,0.97,7.2,61.66666667,1.3,5.538461538
Cabernet Sauvignon,101-14 MGT,1,1996,22.8,8.3,3.22,1.13,8.033333333,70,1.5,5.355555556
Cabernet Sauvignon,101-14 MGT,3,1996,22.6,7.4,3.38,1.17,8.166666667,67.66666667,3.333333333,2.45
Cabernet Sauvignon,101-14 MGT,2,1996,23.4,7,3.34,1.27,11.73333333,81,1.533333333,7.652173913
Cabernet Sauvignon,101-14 MGT,4,1996,22.2,6.7,3.48,1.28,15,73.66666667,4.633333333,3.237410072
Cabernet Sauvignon,110 Richter,3,1996,22.4,8.8,3.23,1.05,7.666666667,78.33333333,3.2,2.395833333
Cabernet Sauvignon,110 Richter,1,1996,22.8,8.4,3.21,1.07,14.66666667,107,2.933333333,5
Cabernet Sauvignon,110 Richter,4,1996,22.4,7.2,3.45,1.23,15.33333333,108,4.133333333,3.709677419
Cabernet Sauvignon,110 Richter,2,1996,22.2,7.2,3.35,1.29,14.33333333,77.66666667,2.4,5.972222222
Cabernet Sauvignon,1103 Paulsen,2,1996,22.4,8,3.24,1.11,11.33333333,83,2.866666667,3.953488372
Cabernet Sauvignon,1103 Paulsen,3,1996,21.6,8.3,3.33,1.18,13.33333333,92.66666667,4,3.333333333
Cabernet Sauvignon,1103 Paulsen,1,1996,21.6,8.6,3.2,1.27,11.73333333,78.33333333,2.533333333,4.631578947
Cabernet Sauvignon,1103 Paulsen,4,1996,21.8,7.1,3.49,1.32,16.66666667,98.33333333,5.4,3.086419753
Cabernet Sauvignon,140Ru,2,1996,22.6,9,3.14,0.99,6.7,59,2.3,2.913043478
Cabernet Sauvignon,140Ru,1,1996,22.2,7.7,3.28,1.14,9.933333333,79.33333333,1.4,7.095238095
Cabernet Sauvignon,140Ru,3,1996,21.4,8.3,3.33,1.1,10.2,77,2.866666667,3.558139535
Cabernet Sauvignon,140Ru,4,1996,22,6.8,3.46,1.27,14.33333333,93.33333333,4,3.583333333
Cabernet Sauvignon,3309 Couderc,1,1996,22.8,8.9,3.18,1.1,4.233333333,50,2.666666667,1.5875
Cabernet Sauvignon,3309 Couderc,2,1996,23,8,3.33,1.15,8.933333333,68.66666667,3.3,2.707070707
Cabernet Sauvignon,3309 Couderc,4,1996,22.8,6.9,3.46,1.25,14.33333333,101,3.9,3.675213675
Cabernet Sauvignon,3309 Couderc,3,1996,22.8,6.8,3.46,1.29,15,97.66666667,3.5,4.285714286
Cabernet Sauvignon,420 A,2,1996,21.8,8.3,3.21,1.09,10.16666667,77.66666667,2.1,4.841269841
Cabernet Sauvignon,420 A,1,1996,22.8,7.1,3.29,1.35,15,97,2.066666667,7.258064516
Cabernet Sauvignon,420 A,4,1996,22.4,6.8,3.43,1.23,14,85.66666667,3.533333333,3.962264151
Cabernet Sauvignon,420 A,3,1996,22,6.7,3.46,1.26,16.33333333,84.66666667,3.666666667,4.454545455
Cabernet Sauvignon,775 Paulsen,1,1996,22.6,8.3,3.2,1.046,6.4,67.33333333,3.2,2
Cabernet Sauvignon,775 Paulsen,4,1996,21.8,8.3,3.37,0.93,7.033333333,65.66666667,3,2.344444444
Cabernet Sauvignon,775 Paulsen,2,1996,22,8.8,3.2,1.04,10.93333333,74,2.766666667,3.951807229
Cabernet Sauvignon,775 Paulsen,3,1996,22,6.8,3.44,1.19,13.66666667,101,3.2,4.270833333
Cabernet Sauvignon,Freedom,4,1996,22,8.1,3.36,1.16,8.466666667,84,4.033333333,2.099173554
Cabernet Sauvignon,Freedom,3,1996,22.6,7.4,3.47,1.23,9.6,74.66666667,4.133333333,2.322580645
Cabernet Sauvignon,Freedom,1,1996,23,7.1,3.31,1.33,12.6,92,1.326666667,9.497487437
Cabernet Sauvignon,Freedom,2,1996,22.6,6.9,3.39,1.3,15,85.33333333,2.1,7.142857143
Cabernet Sauvignon,K51-32,4,1996,22.2,7.4,3.44,1.2,12.5,81,3.233333333,3.865979381
Cabernet Sauvignon,K51-32,3,1996,22.8,7.6,3.44,1.33,15.66666667,93.33333333,3.466666667,4.519230769
Cabernet Sauvignon,K51-32,2,1996,22.6,6.8,3.37,1.29,13,80.66666667,1.6,8.125
Cabernet Sauvignon,K51-32,1,1996,22.4,7.3,3.37,1.29,13.33333333,82.66666667,2.866666667,4.651162791
Cabernet Sauvignon,Kober 5BB,2,1996,22,8,3.27,1.21,13.66666667,70.33333333,1.95,7.008547009
Cabernet Sauvignon,Kober 5BB,4,1996,22,7.6,3.42,1.14,6.6,65.66666667,2.2,3
Cabernet Sauvignon,Kober 5BB,1,1996,22.4,6.3,3.4,1.04,4.933333333,46.33333333,1.466666667,3.363636364
Cabernet Sauvignon,Kober 5BB,3,1996,22.8,7.5,3.35,1.21,15.66666667,100,2.1,7.46031746
Cabernet Sauvignon,Ramsey,4,1996,20.8,8.3,3.3,1.09,9.433333333,82.66666667,4.566666667,2.065693431
Cabernet Sauvignon,Ramsey,1,1996,22.4,8.6,3.21,1.26,13,104.3333333,3.333333333,3.9
Cabernet Sauvignon,Ramsey,3,1996,21.2,8.3,3.27,1.23,15.33333333,80.66666667,3.9,3.931623932
Cabernet Sauvignon,Ramsey,2,1996,22,7,3.37,1.32,14.33333333,109.6666667,3.7,3.873873874
Cabernet Sauvignon,Schwarzmann,2,1996,22.4,7.6,3.28,1.11,7.333333333,66.66666667,2.366666667,3.098591549
Cabernet Sauvignon,Schwarzmann,1,1996,22.2,7.4,3.27,1.18,10.66666667,77,2.033333333,5.245901639
Cabernet Sauvignon,Schwarzmann,4,1996,22,7,3.42,1.14,9.166666667,65.33333333,2.5,3.666666667
Cabernet Sauvignon,Schwarzmann,3,1996,24.4,6.3,3.45,1.16,11.93333333,71.33333333,2.046666667,5.830618893
Cabernet Sauvignon,SO4,2,1996,21.8,8.1,3.23,1.19,17.5,107,1.8,9.722222222
Cabernet Sauvignon,SO4,4,1996,20.4,7.8,3.37,0.88,10.55,75,2.133333333,4.9453125
Cabernet Sauvignon,SO4,1,1996,22.6,7.1,3.37,1.25,8.65,78.5,0.626666667,13.80319149
Cabernet Sauvignon,SO4,3,1996,22,7.4,3.31,1.17,10.4,79.33333333,2.833333333,3.670588235
Cabernet Sauvignon,Teleki 5C,3,1996,21.2,8.1,3.31,1.05,8.533333333,73.66666667,3.3,2.585858586
Cabernet Sauvignon,Teleki 5C,4,1996,21.8,7.2,3.37,1.1,8.066666667,63.66666667,3.333333333,2.42
Cabernet Sauvignon,Teleki 5C,2,1996,22.4,7.5,3.33,1.07,9.1,66.66666667,1.733333333,5.25
Cabernet Sauvignon,Teleki 5C,1,1996,22.4,6.8,3.36,1.22,9.666666667,73.66666667,1.56,6.196581197
Chardonnay,039-16,1,1996,24,8.5,3.38,1.31,7.566666667,59,1.083333333,6.984615385
Chardonnay,039-16,2,1996,24.4,8.5,3.37,1.61,13,70.66666667,2.133333333,6.09375
Chardonnay,039-16,3,1996,23.8,7.6,3.6,1.38,11.56666667,86.33333333,2.533333333,4.565789474
Chardonnay,039-16,4,1996,24.2,10.1,3.54,1.23,9.233333333,100.3333333,2.633333333,3.506329114
Chardonnay,101-14 MGT,1,1996,25.6,8.3,3.46,1.17,5.033333333,66,2.416666667,2.082758621
Chardonnay,101-14 MGT,2,1996,24.4,8.3,3.43,1.32,8.566666667,57.66666667,0.846666667,10.11811024
Chardonnay,101-14 MGT,3,1996,26.2,9.5,3.55,1.25,7.333333333,68.33333333,2.333333333,3.142857143
Chardonnay,101-14 MGT,4,1996,24.2,9,3.51,1.25,8.433333333,66.66666667,2.133333333,3.953125
Chardonnay,110 Richter,1,1996,24.8,8.2,3.34,1.3,10.03333333,97.33333333,2.533333333,3.960526316
Chardonnay,110 Richter,2,1996,23.8,9.1,3.44,1.35,10.66666667,78,1.766666667,6.037735849
Chardonnay,110 Richter,3,1996,25,9,3.43,1.31,12,99.66666667,2.433333333,4.931506849
Chardonnay,110 Richter,4,1996,24.8,7.8,3.47,1.43,11.33333333,81.33333333,2.633333333,4.303797468
Chardonnay,1103 Paulsen,1,1996,25.8,8.3,3.4,1.3,8.466666667,65.66666667,1.9,4.456140351
Chardonnay,1103 Paulsen,2,1996,24.8,9.6,3.5,1.17,6.8,89,2.366666667,2.873239437
Chardonnay,1103 Paulsen,3,1996,24.2,8.8,3.42,1.29,8.866666667,80.66666667,3.166666667,2.8
Chardonnay,1103 Paulsen,4,1996,25.4,9.5,3.49,1.3,12,120.6666667,3.866666667,3.103448276
Chardonnay,140Ru,1,1996,25,10.3,3.41,1.14,5.766666667,51,1.2,4.805555556
Chardonnay,140Ru,2,1996,25,8.4,3.43,1.31,8.6,63,0.846666667,10.15748031
Chardonnay,140Ru,3,1996,24.6,8.2,3.45,1.31,5.7,56,3.1,1.838709677
Chardonnay,140Ru,4,1996,25.2,9.4,3.52,1.19,5.133333333,50.33333333,2.066666667,2.483870968
Chardonnay,3309 Couderc,1,1996,25.8,9,3.41,1.27,7.866666667,69,1.933333333,4.068965517
Chardonnay,3309 Couderc,2,1996,26,9.7,3.49,1.29,7.6,66,2.3,3.304347826
Chardonnay,3309 Couderc,3,1996,24,9.7,3.52,1.2,4.3,87.33333333,3.1,1.387096774
Chardonnay,3309 Couderc,4,1996,24,10,3.55,1.15,6.933333333,81.33333333,3.566666667,1.943925234
Chardonnay,420 A,1,1996,24.2,8.2,3.34,1.37,8.133333333,49,0.683333333,11.90243902
Chardonnay,420 A,2,1996,25,9.6,3.39,1.32,11,64.66666667,1.266666667,8.684210526
Chardonnay,420 A,3,1996,25.2,7.9,3.4,1.15,7.666666667,63.33333333,1.266666667,6.052631579
Chardonnay,420 A,4,1996,25.2,9.3,3.43,1.4,9.1,81.33333333,2.3,3.956521739
Chardonnay,775 Paulsen,1,1996,24.4,7.6,3.48,0.96,2.033333333,41,1.7,1.196078431
Chardonnay,775 Paulsen,2,1996,24.4,7.2,3.68,1.05,4.2,60.66666667,1.45,2.896551724
Chardonnay,775 Paulsen,3,1996,25.6,9.2,3.56,1.15,3.733333333,57,1.866666667,2
Chardonnay,775 Paulsen,4,1996,24.6,9.5,3.59,1.03,2.6,55.33333333,2.333333333,1.114285714
Chardonnay,Freedom,1,1996,25,8.6,3.39,1.35,11.73333333,76,1.733333333,6.769230769
Chardonnay,Freedom,2,1996,25.8,10,3.47,1.31,7.866666667,55.66666667,1.566666667,5.021276596
Chardonnay,Freedom,3,1996,25.2,10.1,3.55,1.34,7.733333333,66.33333333,2.9,2.666666667
Chardonnay,Freedom,4,1996,23,7.9,3.58,1.23,9.633333333,104,5.3,1.817610063
Chardonnay,K51-32,1,1996,25,8.6,3.4,1.3,6.2,36.66666667,1.8,3.444444444
Chardonnay,K51-32,2,1996,25,10.2,3.42,1.32,8.633333333,62.33333333,1.733333333,4.980769231
Chardonnay,K51-32,3,1996,24.6,9.7,3.44,1.26,9.1,81.33333333,1.766666667,5.150943396
Chardonnay,K51-32,4,1996,24,9.5,3.57,1.25,6.7,94.33333333,3.233333333,2.072164948
Chardonnay,Kober 5BB,1,1996,25.4,9.3,3.42,1.28,4.266666667,39.66666667,1.4,3.047619048
Chardonnay,Kober 5BB,2,1996,25,9.3,3.57,1.21,1.966666667,23.33333333,0.943333333,2.084805654
Chardonnay,Kober 5BB,3,1996,24.2,9.6,3.64,1.24,5.633333333,64,1.966666667,2.86440678
Chardonnay,Kober 5BB,4,1996,25.2,7.5,3.54,1.17,7.65,62.5,2.2,3.477272727
Chardonnay,Ramsey,1,1996,25.8,9.4,3.39,1.37,11.5,78.66666667,1.533333333,7.5
Chardonnay,Ramsey,2,1996,24.2,8.4,3.43,1.34,15,99.66666667,2.633333333,5.696202532
Chardonnay,Ramsey,3,1996,24,8,3.48,1.28,9.133333333,84.66666667,3.9,2.341880342
Chardonnay,Ramsey,4,1996,24.6,9.1,3.44,1.39,13.6,83.33333333,2.4,5.666666667
Chardonnay,SO4,1,1996,22.8,8.4,3.37,1.39,1.986666667,28.33333333,1.73,1.148362235
Chardonnay,SO4,2,1996,25.8,9,3.61,1.4,0.903333333,12,2.033333333,0.444262295
Chardonnay,SO4,3,1996,24,8.7,3.68,1.12,4.566666667,71.66666667,2.733333333,1.670731707
Chardonnay,SO4,4,1996,24.6,7.3,3.57,1.31,7.8,64.66666667,1.9,4.105263158
Chardonnay,Schwarzmann,1,1996,25,7.9,3.41,1.2,10.33333333,70.33333333,1.366666667,7.56097561
Chardonnay,Schwarzmann,2,1996,25.6,8.4,3.47,1.21,5.6,81.66666667,1.933333333,2.896551724
Chardonnay,Schwarzmann,3,1996,24.4,8.1,3.45,1.28,6.8,78,2.08,3.269230769
Chardonnay,Schwarzmann,4,1996,24.4,8.1,3.48,1.36,10.83333333,67,1.933333333,5.603448276
Chardonnay,Teleki 5C,1,1996,25.2,9.9,3.41,1.21,8.766666667,81.33333333,2.233333333,3.925373134
Chardonnay,Teleki 5C,2,1996,25.4,7.7,3.39,1.39,9.6,67,1.633333333,5.87755102
Chardonnay,Teleki 5C,3,1996,24.6,6.9,3.47,1.37,11,82.66666667,1.966666667,5.593220339
Chardonnay,Teleki 5C,4,1996,25.2,8.4,3.45,1.21,8.066666667,68,1.633333333,4.93877551
Cabernet Sauvignon,039-16,4,1997,19.8,7.2,3.53,1.19,15,98,1.666666667,9
Cabernet Sauvignon,039-16,3,1997,21,6.8,3.49,1.3,16.33333333,100.6666667,1.866666667,8.75
Cabernet Sauvignon,039-16,2,1997,21.4,6.5,3.42,1.37,20.66666667,137,1.243333333,16.62198391
Cabernet Sauvignon,039-16,1,1997,23.2,6.2,3.46,1.22,13,101,0.943333333,13.78091873
Cabernet Sauvignon,101-14 MGT,1,1997,22,6.8,3.38,1.49,14.33333333,115,0.933333333,15.35714286
Cabernet Sauvignon,101-14 MGT,3,1997,22.6,6.3,3.6,1.25,18,125.3333333,1.6,11.25
Cabernet Sauvignon,101-14 MGT,2,1997,22,6.6,3.42,1.33,16,113.3333333,0.753333333,21.23893805
Cabernet Sauvignon,101-14 MGT,4,1997,21,7.1,3.5,1.56,20.66666667,134.6666667,1.8,11.48148148
Cabernet Sauvignon,110 Richter,3,1997,22.4,6.6,3.47,1.54,14,123,1.4,10
Cabernet Sauvignon,110 Richter,1,1997,22.6,7.1,3.41,1.39,19.66666667,140,1.766666667,11.13207547
Cabernet Sauvignon,110 Richter,4,1997,22,7.2,3.56,1.53,18,124.3333333,1.833333333,9.818181818
Cabernet Sauvignon,110 Richter,2,1997,22.4,6.9,3.42,1.47,19.33333333,132.3333333,1.133333333,17.05882353
Cabernet Sauvignon,1103 Paulsen,2,1997,22,6.8,3.48,1.46,19.33333333,123.6666667,1.533333333,12.60869565
Cabernet Sauvignon,1103 Paulsen,3,1997,21.2,6.8,3.53,1.46,22,129.6666667,2,11
Cabernet Sauvignon,1103 Paulsen,1,1997,21.2,6.9,3.41,1.5,19.66666667,138,1.366666667,14.3902439
Cabernet Sauvignon,1103 Paulsen,4,1997,20.2,7.1,3.58,1.36,21,136.3333333,2.033333333,10.32786885
Cabernet Sauvignon,140Ru,2,1997,21.4,6.8,3.39,1.58,18,128.3333333,1.3,13.84615385
Cabernet Sauvignon,140Ru,1,1997,22,7,3.35,1.34,13.66666667,111.3333333,1.166666667,11.71428571
Cabernet Sauvignon,140Ru,3,1997,21.4,6.5,3.56,1.31,15.33333333,108,1.533333333,10
Cabernet Sauvignon,140Ru,4,1997,21.6,7,3.63,1.41,14.66666667,91,1.7,8.62745098
Cabernet Sauvignon,3309 Couderc,1,1997,22.8,7.1,3.39,1.34,12.66666667,117.3333333,1.333333333,9.5
Cabernet Sauvignon,3309 Couderc,2,1997,22.8,6.4,3.5,1.6,17.66666667,124.3333333,1.7,10.39215686
Cabernet Sauvignon,3309 Couderc,4,1997,22.2,6.5,3.61,1.52,21.33333333,122.3333333,1.966666667,10.84745763
Cabernet Sauvignon,3309 Couderc,3,1997,22.2,7,3.5,1.49,16.66666667,103.3333333,1.666666667,10
Cabernet Sauvignon,420 A,2,1997,21,6.6,3.27,1.38,15.33333333,113.3333333,0.78,19.65811966
Cabernet Sauvignon,420 A,1,1997,21.6,7.3,3.32,1.45,19.33333333,126.3333333,1.09,17.73700306
Cabernet Sauvignon,420 A,4,1997,20.6,7,3.46,1.39,18,110.3333333,1.6,11.25
Cabernet Sauvignon,420 A,3,1997,20.6,6.7,3.46,1.61,25.33333333,122,1.5,16.88888889
Cabernet Sauvignon,775 Paulsen,1,1997,21.4,7.1,3.44,1.23,14.53333333,140,1.533333333,9.47826087
Cabernet Sauvignon,775 Paulsen,4,1997,20.4,6.8,3.65,1.5,14.56666667,103,1.433333333,10.1627907
Cabernet Sauvignon,775 Paulsen,2,1997,22.4,6.9,3.49,1.42,17.33333333,118.3333333,1.466666667,11.81818182
Cabernet Sauvignon,775 Paulsen,3,1997,21,7.1,3.59,1.37,17,112.3333333,2.066666667,8.225806452
Cabernet Sauvignon,Freedom,4,1997,21.2,6.7,3.54,1.5,15.66666667,111.3333333,1.633333333,9.591836735
Cabernet Sauvignon,Freedom,3,1997,22.4,6.8,3.5,1.47,19.33333333,137,1.7,11.37254902
Cabernet Sauvignon,Freedom,1,1997,23.4,7.1,3.36,1.36,18.66666667,120.3333333,0.963333333,19.37716263
Cabernet Sauvignon,Freedom,2,1997,22.6,7.1,3.43,1.58,21,120,1.466666667,14.31818182
Cabernet Sauvignon,K51-32,4,1997,21.2,6.5,3.64,1.48,22.33333333,112.6666667,1.533333333,14.56521739
Cabernet Sauvignon,K51-32,3,1997,21,7.1,3.52,1.6,23,120,1.566666667,14.68085106
Cabernet Sauvignon,K51-32,2,1997,21.6,6.5,3.51,1.48,15.66666667,104.6666667,1.06,14.77987421
Cabernet Sauvignon,K51-32,1,1997,22,6.9,3.46,1.55,23.66666667,126,1.433333333,16.51162791
Cabernet Sauvignon,Kober 5BB,2,1997,22.4,7,3.37,1.36,15.66666667,103.3333333,1.093333333,14.32926829
Cabernet Sauvignon,Kober 5BB,4,1997,22.4,6.9,3.57,1.4,16,104,1.7,9.411764706
Cabernet Sauvignon,Kober 5BB,1,1997,20.4,6.4,3.43,0.99,11.3,99.66666667,0.455,24.83516484
Cabernet Sauvignon,Kober 5BB,3,1997,20.8,7.5,3.38,1.27,15.33333333,113.3333333,1.466666667,10.45454545
Cabernet Sauvignon,Ramsey,4,1997,20,6.1,3.58,1.47,16.66666667,134.6666667,1.8,9.259259259
Cabernet Sauvignon,Ramsey,1,1997,21,7.5,3.32,1.66,19.33333333,145.6666667,1.533333333,12.60869565
Cabernet Sauvignon,Ramsey,3,1997,20.6,6.8,3.53,1.08,23.33333333,141.3333333,2.1,11.11111111
Cabernet Sauvignon,Ramsey,2,1997,21.6,6.7,3.44,1.54,19.33333333,128.3333333,1.616666667,11.95876289
Cabernet Sauvignon,Schwarzmann,2,1997,22.2,6.3,3.39,1.36,20,134.6666667,1.313333333,15.2284264
Cabernet Sauvignon,Schwarzmann,1,1997,22.6,6.5,3.38,1.22,16.33333333,115,1.226666667,13.31521739
Cabernet Sauvignon,Schwarzmann,4,1997,22.2,6.4,3.57,1.44,16.66666667,98,1.666666667,10
Cabernet Sauvignon,Schwarzmann,3,1997,21.8,5.9,3.52,1.2,13.8,116,0.98,14.08163265
Cabernet Sauvignon,SO4,2,1997,21.6,6.5,3.39,1.18,10.85,107,1.35,8.037037037
Cabernet Sauvignon,SO4,4,1997,20.2,6.4,3.52,1.13,13.5,99,1.2,11.25
Cabernet Sauvignon,SO4,1,1997,22.4,6.8,3.38,1.36,15,120,1.2,12.5
Cabernet Sauvignon,SO4,3,1997,20.6,6.4,3.4,1.05,17,108,1.195,14.22594142
Cabernet Sauvignon,Teleki 5C,3,1997,20.4,6.3,3.46,1.45,14.66666667,118,1.3,11.28205128
Cabernet Sauvignon,Teleki 5C,4,1997,20.4,6.3,3.49,1.18,13,115,1.733333333,7.5
Cabernet Sauvignon,Teleki 5C,2,1997,21,6.5,3.37,1.29,15.33333333,109.6666667,0.94,16.31205674
Cabernet Sauvignon,Teleki 5C,1,1997,22.4,6.3,3.43,1.09,17,113.6666667,0.953333333,17.83216783
Chardonnay,039-16,1,1997,23.4,10.2,3.22,1.53,16.66666667,75.66666667,0.59,28.24858757
Chardonnay,039-16,2,1997,23.2,11.4,3.24,1.91,18.33333333,81,1.233333333,14.86486486
Chardonnay,039-16,3,1997,22.6,10.4,3.41,1.8,19,107,1.306666667,14.54081633
Chardonnay,039-16,4,1997,23.5,10.8,3.3,1.85,13.16666667,82,1.343333333,9.801488834
Chardonnay,101-14 MGT,1,1997,24.8,10.1,3.31,1.42,13,95.66666667,1.356666667,9.582309582
Chardonnay,101-14 MGT,2,1997,23.6,9.8,3.2,1.56,17,75.66666667,0.63,26.98412698
Chardonnay,101-14 MGT,3,1997,23.4,11,3.28,1.62,17.66666667,83,1.19,14.84593838
Chardonnay,101-14 MGT,4,1997,24,10.4,3.31,1.54,11.06666667,59.33333333,1.233333333,8.972972973
Chardonnay,110 Richter,1,1997,24.4,11.7,3.27,1.75,16.33333333,97.66666667,0.963333333,16.9550173
Chardonnay,110 Richter,2,1997,24.4,10,3.41,1.76,17,84,1.11,15.31531532
Chardonnay,110 Richter,3,1997,24.2,11.2,3.29,1.69,15.33333333,92.33333333,1.22,12.56830601
Chardonnay,110 Richter,4,1997,23.9,12.3,3.32,1.79,16.33333333,87.66666667,1.433333333,11.39534884
Chardonnay,1103 Paulsen,1,1997,24.5,10.3,3.31,1.67,15.66666667,88.33333333,1.173333333,13.35227273
Chardonnay,1103 Paulsen,2,1997,23.6,10.8,3.31,1.66,11.16666667,74.66666667,1.163333333,9.598853868
Chardonnay,1103 Paulsen,3,1997,24,10.5,3.38,1.6,13.66666667,95.33333333,1.5,9.111111111
Chardonnay,1103 Paulsen,4,1997,24.2,10.9,3.37,1.73,15.66666667,101.3333333,2,7.833333333
Chardonnay,140Ru,1,1997,23.2,10,3.28,1.43,16,82,0.816666667,19.59183673
Chardonnay,140Ru,2,1997,22.6,10.4,3.21,1.43,15,82,0.58,25.86206897
Chardonnay,140Ru,3,1997,24,9.9,3.3,1.71,17.33333333,94,1.5,11.55555556
Chardonnay,140Ru,4,1997,24.6,11.1,3.31,1.6,19,85.33333333,1.266666667,15
Chardonnay,3309 Couderc,1,1997,24.6,10.9,3.22,1.48,17,86,0.95,17.89473684
Chardonnay,3309 Couderc,2,1997,25,10.8,3.36,1.66,11.93333333,75.66666667,1.333333333,8.95
Chardonnay,3309 Couderc,3,1997,24.1,11,3.3,1.59,12.33333333,83.33333333,1.566666667,7.872340426
Chardonnay,3309 Couderc,4,1997,23.8,10.6,3.45,1.38,9.033333333,80,1.7,5.31372549
Chardonnay,420 A,1,1997,22.5,9.8,3.12,1.56,17.66666667,76.33333333,0.576666667,30.63583815
Chardonnay,420 A,2,1997,23.4,11.2,3.21,1.76,17.66666667,78,0.756666667,23.34801762
Chardonnay,420 A,3,1997,23.6,10.1,3.21,1.65,14,66,0.71,19.71830986
Chardonnay,420 A,4,1997,24.2,10.9,3.29,1.61,15.66666667,86.33333333,1.2,13.05555556
Chardonnay,775 Paulsen,1,1997,23.4,11,3.31,1.3,6.9,62.33333333,0.876666667,7.870722433
Chardonnay,775 Paulsen,2,1997,22.6,10,3.4,1.5,12,92,0.976666667,12.28668942
Chardonnay,775 Paulsen,3,1997,24.6,11.1,3.37,1.6,10.46666667,64,1.213333333,8.626373626
Chardonnay,775 Paulsen,4,1997,22.9,10.3,3.39,1.42,12,74,1.4,8.571428571
Chardonnay,Freedom,1,1997,24.8,11.1,3.24,1.62,19.33333333,84.33333333,1.043333333,18.53035144
Chardonnay,Freedom,2,1997,24,11.5,3.31,1.64,18,73.33333333,0.966666667,18.62068966
Chardonnay,Freedom,3,1997,24.2,12.1,3.37,1.81,15.33333333,81.66666667,1.766666667,8.679245283
Chardonnay,Freedom,4,1997,22.6,12,3.48,1.59,16,111.3333333,2,8
Chardonnay,K51-32,1,1997,24.1,10.8,3.21,1.73,16.33333333,73.66666667,1.016666667,16.06557377
Chardonnay,K51-32,2,1997,24.1,10.9,3.28,1.62,15.33333333,81,0.983333333,15.59322034
Chardonnay,K51-32,3,1997,23.4,10.9,3.26,1.76,12.33333333,76,1.046666667,11.78343949
Chardonnay,K51-32,4,1997,23.6,10.5,3.45,1.68,13.33333333,97.33333333,1.5,8.888888889
Chardonnay,Kober 5BB,1,1997,22.8,9.9,3.19,1.5,13,85.33333333,0.61,21.31147541
Chardonnay,Kober 5BB,2,1997,23,10,3.23,1.27,16,83.66666667,0.93,17.20430108
Chardonnay,Kober 5BB,3,1997,24.2,10.4,3.46,1.63,15,90.33333333,1.633333333,9.183673469
Chardonnay,Kober 5BB,4,1997,23.9,10.5,3.3,1.59,19.5,88.5,1.55,12.58064516
Chardonnay,Ramsey,1,1997,23.2,10.8,3.25,1.79,16,67,0.71,22.53521127
Chardonnay,Ramsey,2,1997,23.1,11.6,3.25,1.8,21.66666667,92.33333333,1.4,15.47619048
Chardonnay,Ramsey,3,1997,23.6,9.9,3.27,1.77,17,100.3333333,1.633333333,10.40816327
Chardonnay,Ramsey,4,1997,23.6,11,3.33,1.78,17,80.33333333,1.41,12.05673759
Chardonnay,SO4,1,1997,22.2,9.3,3.17,1.34,10,95.66666667,0.926666667,10.79136691
Chardonnay,SO4,2,1997,24,10.5,3.27,1.64,20.66666667,120.3333333,1.133333333,18.23529412
Chardonnay,SO4,3,1997,23.6,9.7,3.41,1.49,12.33333333,88.66666667,1.133333333,10.88235294
Chardonnay,SO4,4,1997,22.7,10,3.25,1.68,16,76,1.21,13.2231405
Chardonnay,Schwarzmann,1,1997,23.2,10.6,3.24,1.44,16.66666667,75,0.61,27.32240437
Chardonnay,Schwarzmann,2,1997,24.4,10.2,3.3,1.56,12,74.66666667,1.083333333,11.07692308
Chardonnay,Schwarzmann,3,1997,23.1,9,3.31,1.64,11.6,77.66666667,1.1,10.54545455
Chardonnay,Schwarzmann,4,1997,23.1,9.7,3.24,1.52,17,80.33333333,1.213333333,14.01098901
Chardonnay,Teleki 5C,1,1997,24.8,10.4,3.27,1.41,14.66666667,97.66666667,1.1,13.33333333
Chardonnay,Teleki 5C,2,1997,23.8,10.2,3.18,1.71,19.33333333,89.66666667,0.9,21.48148148
Chardonnay,Teleki 5C,3,1997,23.4,10.5,3.26,1.78,18,80.33333333,0.963333333,18.68512111
Chardonnay,Teleki 5C,4,1997,24.2,10.6,3.35,1.72,18,75.33333333,1.003333333,17.94019934
Cabernet Sauvignon,039-16,4,1998,22,9.6,3.51,1.27,5.466666667,65,1.566666667,3.489361702
Cabernet Sauvignon,039-16,3,1998,22,9.9,3.3,1.12,7.833333333,72,1.633333333,4.795918367
Cabernet Sauvignon,039-16,2,1998,22.8,6.6,3.37,1.16,9.3,82.33333333,1.366666667,6.804878049
Cabernet Sauvignon,039-16,1,1998,22.7,7.3,3.37,1.02,9.1,62.66666667,1.133333333,8.029411765
Cabernet Sauvignon,101-14 MGT,1,1998,23,10.4,3.08,0.98,7.1,65.33333333,0.946666667,7.5
Cabernet Sauvignon,101-14 MGT,3,1998,23.3,7.85,3.34,0.97,10.46666667,79.33333333,1.533333333,6.826086957
Cabernet Sauvignon,101-14 MGT,2,1998,23,6,3.57,1.31,7.9,63,0.78,10.12820513
Cabernet Sauvignon,101-14 MGT,4,1998,23.9,7,3.52,1.15,9.633333333,62.66666667,1.4,6.880952381
Cabernet Sauvignon,110 Richter,3,1998,23.4,9.5,3.4,1.36,6.633333333,78.66666667,1.466666667,4.522727273
Cabernet Sauvignon,110 Richter,1,1998,23.9,9.4,3.11,1.07,10.43333333,94,1.566666667,6.659574468
Cabernet Sauvignon,110 Richter,4,1998,24,6.6,3.45,1.25,11.2,74.66666667,1.766666667,6.339622642
Cabernet Sauvignon,110 Richter,2,1998,23.1,8.2,3.4,1.04,8.5,50.66666667,1.233333333,6.891891892
Cabernet Sauvignon,1103 Paulsen,2,1998,23.8,9.8,3.22,1.2,8.966666667,78.66666667,1.666666667,5.38
Cabernet Sauvignon,1103 Paulsen,3,1998,23.7,8.6,3.33,1.25,8.533333333,70,1.933333333,4.413793103
Cabernet Sauvignon,1103 Paulsen,1,1998,23.9,7.4,3.27,1.08,8.766666667,75.66666667,1.3,6.743589744
Cabernet Sauvignon,1103 Paulsen,4,1998,23.6,7.8,3.55,1.11,10.83333333,77,2,5.416666667
Cabernet Sauvignon,140Ru,2,1998,23.6,10.1,3.38,1.11,6.833333333,71.33333333,1.3,5.256410256
Cabernet Sauvignon,140Ru,1,1998,24.2,7.8,3.33,1.32,7.266666667,61.33333333,1.16,6.264367816
Cabernet Sauvignon,140Ru,3,1998,23,7.9,3.28,1.24,8.9,82.33333333,1.533333333,5.804347826
Cabernet Sauvignon,140Ru,4,1998,23.7,7.2,3.48,1.15,12.13333333,82.66666667,1.51,8.035320088
Cabernet Sauvignon,3309 Couderc,1,1998,24.2,9.1,3.43,1.14,5.1,64.66666667,1.166666667,4.371428571
Cabernet Sauvignon,3309 Couderc,2,1998,23.7,8.05,3.27,1.05,10.66666667,96.66666667,1.4,7.619047619
Cabernet Sauvignon,3309 Couderc,4,1998,24,6.7,3.42,1,12,112.3333333,1.566666667,7.659574468
Cabernet Sauvignon,3309 Couderc,3,1998,23.9,7.15,3.58,1.21,11,77.33333333,1.466666667,7.5
Cabernet Sauvignon,420 A,2,1998,22.2,8.1,3.35,1.22,4.933333333,67,0.483333333,10.20689655
Cabernet Sauvignon,420 A,1,1998,23.5,8.2,3.28,1.05,6.266666667,53.33333333,1.006666667,6.225165563
Cabernet Sauvignon,420 A,4,1998,22.8,6.9,3.48,1.11,11,84,1.366666667,8.048780488
Cabernet Sauvignon,420 A,3,1998,22.4,6.6,3.52,1.28,14,82.33333333,1.433333333,9.76744186
Cabernet Sauvignon,775 Paulsen,1,1998,23.2,9.8,3.52,1.25,5.533333333,69.33333333,1.666666667,3.32
Cabernet Sauvignon,775 Paulsen,4,1998,23.2,9.3,3.49,1.22,6.8,71,1.666666667,4.08
Cabernet Sauvignon,775 Paulsen,2,1998,23.4,8.25,3.27,0.99,10.2,81.66666667,1.566666667,6.510638298
Cabernet Sauvignon,775 Paulsen,3,1998,22.8,7.3,3.54,1.27,12.66666667,84,2,6.333333333
Cabernet Sauvignon,Freedom,4,1998,23.4,9.8,3.38,1.35,6.6,77.66666667,1.766666667,3.735849057
Cabernet Sauvignon,Freedom,3,1998,23.8,9,3.47,1.34,8.2,85.66666667,1.766666667,4.641509434
Cabernet Sauvignon,Freedom,1,1998,23.4,6.8,3.48,1.36,8.066666667,50.33333333,1.076666667,7.492260062
Cabernet Sauvignon,Freedom,2,1998,23.2,6.9,3.48,1.16,9.5,62.33333333,1.3,7.307692308
Cabernet Sauvignon,K51-32,4,1998,23.8,8.5,3.33,1.12,9.566666667,71.66666667,1.5,6.377777778
Cabernet Sauvignon,K51-32,3,1998,23.6,7,3.33,1.18,10.66666667,71.66666667,1.433333333,7.441860465
Cabernet Sauvignon,K51-32,2,1998,23.2,7.3,3.4,1.11,11.96666667,74,1.133333333,10.55882353
Cabernet Sauvignon,K51-32,1,1998,23.8,7.5,3.5,1.25,12.66666667,72,1.566666667,8.085106383
Cabernet Sauvignon,Kober 5BB,2,1998,22.6,9.3,3.26,1.17,5.833333333,63.66666667,1.103333333,5.287009063
Cabernet Sauvignon,Kober 5BB,4,1998,23.3,8.2,3.41,1.23,6.333333333,60.66666667,1.4,4.523809524
Cabernet Sauvignon,Kober 5BB,1,1998,23,6.3,3.36,1.21,6.366666667,51.66666667,0.68,9.362745098
Cabernet Sauvignon,Kober 5BB,3,1998,21.4,8.4,3.29,0.92,6.466666667,80,1.35,4.790123457
Cabernet Sauvignon,Ramsey,4,1998,22.4,10,3.37,1.27,9.833333333,89.66666667,1.733333333,5.673076923
Cabernet Sauvignon,Ramsey,1,1998,23.2,10.6,3.35,1.29,8,78.33333333,1.366666667,5.853658537
Cabernet Sauvignon,Ramsey,3,1998,22.6,8.5,3.25,1.35,13,109.6666667,2.05,6.341463415
Cabernet Sauvignon,Ramsey,2,1998,22.3,7.3,3.43,1.3,11,59.33333333,1.666666667,6.6
Cabernet Sauvignon,Schwarzmann,2,1998,22.6,9.2,3.37,1.12,6.3,72.33333333,1.233333333,5.108108108
Cabernet Sauvignon,Schwarzmann,1,1998,22.2,9.3,3.15,1.02,8.8,62.66666667,1.3,6.769230769
Cabernet Sauvignon,Schwarzmann,4,1998,23.3,7.65,3.37,1,7.866666667,83.33333333,1.766666667,4.452830189
Cabernet Sauvignon,Schwarzmann,3,1998,22.9,6.7,3.57,1.05,8.033333333,52.33333333,0.866666667,9.269230769
Cabernet Sauvignon,SO4,2,1998,20.6,10.3,3.09,1,7.3,68,1.15,6.347826087
Cabernet Sauvignon,SO4,4,1998,21.3,9.15,3.2,0.91,4.85,51.5,1.075,4.511627907
Cabernet Sauvignon,SO4,1,1998,24,6.5,3.34,1.25,3.05,45.5,1.3,2.346153846
Cabernet Sauvignon,SO4,3,1998,21.8,7.3,3.45,1.02,6.7,59.33333333,1.1,6.090909091
Cabernet Sauvignon,Teleki 5C,3,1998,22.4,10.6,3.32,1.13,5.766666667,71.66666667,1.4,4.119047619
Cabernet Sauvignon,Teleki 5C,4,1998,23.2,7.8,3.41,1.11,6.7,66.66666667,1.2,5.583333333
Cabernet Sauvignon,Teleki 5C,2,1998,23.6,7.6,3.25,1.11,6.8,59.66666667,1.066666667,6.375
Cabernet Sauvignon,Teleki 5C,1,1998,23.3,6.4,3.47,1.33,9.466666667,65.66666667,1.113333333,8.502994012
Chardonnay,039-16,1,1998,23,7.1,3.4,1.68,6.5,51,0.82,7.926829268
Chardonnay,039-16,2,1998,22,7.7,3.41,1.88,15.33333333,70.66666667,1.766666667,8.679245283
Chardonnay,039-16,3,1998,22.9,7.1,3.61,1.59,8.3,68,1.833333333,4.527272727
Chardonnay,039-16,4,1998,23,10.7,3.6,1.6,NA,46.33333333,1.866666667,NA
Chardonnay,101-14 MGT,1,1998,23.4,10.1,3.5,1.4,4.433333333,47.33333333,1.676666667,2.644135189
Chardonnay,101-14 MGT,2,1998,23.8,7.4,3.44,1.49,10.3,63,1.143333333,9.008746356
Chardonnay,101-14 MGT,3,1998,22.9,10.3,3.54,1.54,7.5,54.66666667,1.533333333,4.891304348
Chardonnay,101-14 MGT,4,1998,22.8,7.4,3.41,1.39,12,57.66666667,1.4,8.571428571
Chardonnay,110 Richter,1,1998,23.6,7,3.52,1.63,10.5,64,1.9,5.526315789
Chardonnay,110 Richter,2,1998,23.2,7.8,3.47,1.62,9.8,54.33333333,1.366666667,7.170731707
Chardonnay,110 Richter,3,1998,23.2,10.4,3.61,1.45,9,64,1.633333333,5.510204082
Chardonnay,110 Richter,4,1998,22.5,8,3.62,1.66,12.16666667,68,1.633333333,7.448979592
Chardonnay,1103 Paulsen,1,1998,23.7,7.7,3.48,1.62,9.7,56,1.566666667,6.191489362
Chardonnay,1103 Paulsen,2,1998,22.4,10.3,3.52,1.36,5.2,50.66666667,1.466666667,3.545454545
Chardonnay,1103 Paulsen,3,1998,22.8,7.8,3.61,1.5,7.6,65.66666667,1.933333333,3.931034483
Chardonnay,1103 Paulsen,4,1998,22.8,10.3,3.7,1.7,9.7,72.66666667,2.433333333,3.98630137
Chardonnay,140Ru,1,1998,23.3,7.2,3.45,1.54,5.333333333,52.66666667,1.3,4.102564103
Chardonnay,140Ru,2,1998,23.4,9.7,3.56,1.64,3.733333333,36.66666667,0.946666667,3.943661972
Chardonnay,140Ru,3,1998,23.2,8,3.42,1.52,8.933333333,64.33333333,2.066666667,4.322580645
Chardonnay,140Ru,4,1998,23,11.8,3.54,1.74,9.133333333,64,1.5,6.088888889
Chardonnay,3309 Couderc,1,1998,24.2,10.6,3.47,1.6,5.866666667,53.33333333,1.3,4.512820513
Chardonnay,3309 Couderc,2,1998,23.4,7.3,3.49,1.44,10.66666667,65.66666667,1.666666667,6.4
Chardonnay,3309 Couderc,3,1998,22.4,7.4,3.58,1.41,9.6,73.33333333,1.8,5.333333333
Chardonnay,3309 Couderc,4,1998,22,8.1,3.64,1.39,4.866666667,62.33333333,2.266666667,2.147058824
Chardonnay,420 A,1,1998,23.3,6,3.38,1.45,9.433333333,58.66666667,0.83,11.36546185
Chardonnay,420 A,2,1998,23.7,7.5,3.42,1.51,12.33333333,62.66666667,0.996666667,12.37458194
Chardonnay,420 A,3,1998,23,10.6,3.44,1.42,7.5,60.33333333,0.846666667,8.858267717
Chardonnay,420 A,4,1998,22.6,11.8,3.36,1.5,10.2,59.33333333,1.426666667,7.14953271
Chardonnay,775 Paulsen,1,1998,22.8,10.5,3.52,1.42,3.466666667,52,1.02,3.39869281
Chardonnay,775 Paulsen,2,1998,22.9,6.6,3.67,1.37,5.566666667,57.33333333,1.3,4.282051282
Chardonnay,775 Paulsen,3,1998,23.4,12.6,3.54,1.54,6.5,55.33333333,1.466666667,4.431818182
Chardonnay,775 Paulsen,4,1998,22.6,11.2,3.62,1.42,7.133333333,66.33333333,1.866666667,3.821428571
Chardonnay,Freedom,1,1998,24.2,7.8,3.45,1.64,12,57.66666667,1.566666667,7.659574468
Chardonnay,Freedom,2,1998,22.6,10.8,3.54,1.74,7.633333333,55.33333333,1.233333333,6.189189189
Chardonnay,Freedom,3,1998,22.8,7.9,3.49,1.57,13.66666667,72,1.866666667,7.321428571
Chardonnay,Freedom,4,1998,21.3,7.9,3.63,1.66,9.5,70.66666667,2.5,3.8
Chardonnay,K51-32,1,1998,23.4,7.6,3.37,1.65,8.533333333,49,1.333333333,6.4
Chardonnay,K51-32,2,1998,22.8,8,3.36,1.66,9.9,47.66666667,1.266666667,7.815789474
Chardonnay,K51-32,3,1998,22.6,9.7,3.62,1.65,9.8,75.33333333,1.353333333,7.24137931
Chardonnay,K51-32,4,1998,22,8.1,3.53,1.53,7.466666667,68.33333333,1.966666667,3.796610169
Chardonnay,Kober 5BB,1,1998,23.6,7.3,3.42,1.38,5.8,55.33333333,0.833333333,6.96
Chardonnay,Kober 5BB,2,1998,23.2,NA,3.41,1.46,6.1,55.66666667,1.5,4.066666667
Chardonnay,Kober 5BB,3,1998,22.6,10.7,3.59,1.4,7.3,61.66666667,1.733333333,4.211538462
Chardonnay,Kober 5BB,4,1998,23.7,7.4,3.62,1.44,10.6,62.66666667,1.85,5.72972973
Chardonnay,Ramsey,1,1998,23.6,10.6,3.47,1.57,6.833333333,44.66666667,1.153333333,5.924855491
Chardonnay,Ramsey,2,1998,23.4,10.1,3.58,1.6,12.66666667,73.33333333,1.633333333,7.755102041
Chardonnay,Ramsey,3,1998,22.8,7.7,3.46,1.56,10.43333333,82,2.333333333,4.471428571
Chardonnay,Ramsey,4,1998,22.1,7.8,3.49,1.64,13.33333333,66.33333333,1.866666667,7.142857143
Chardonnay,SO4,1,1998,23.4,7.5,3.42,1.5,4.566666667,50,1.466666667,3.113636364
Chardonnay,SO4,2,1998,23.4,NA,3.44,1.54,4.283333333,45.66666667,1.07,4.003115265
Chardonnay,SO4,3,1998,22.6,9.5,3.69,1.41,6.066666667,62.33333333,1.3,4.666666667
Chardonnay,SO4,4,1998,22.8,7.3,3.51,1.54,10.06666667,66.66666667,1.133333333,8.882352941
Chardonnay,Schwarzmann,1,1998,24.2,7.3,3.59,1.53,7.7,48,1.006666667,7.649006623
Chardonnay,Schwarzmann,2,1998,23.2,10.3,3.57,1.47,6.466666667,66.33333333,1.266666667,5.105263158
Chardonnay,Schwarzmann,3,1998,22.9,6.6,3.52,1.39,8.366666667,65,1.49,5.615212528
Chardonnay,Schwarzmann,4,1998,22.6,7,3.46,1.59,13.66666667,69,1.37,9.9756691
Chardonnay,Teleki 5C,1,1998,24,11.1,3.37,1.53,5.466666667,50.33333333,1.3,4.205128205
Chardonnay,Teleki 5C,2,1998,24,7.2,3.36,1.62,11.33333333,56.66666667,1.133333333,10
Chardonnay,Teleki 5C,3,1998,23,7.6,3.41,1.61,12.33333333,63,1.233333333,10
Chardonnay,Teleki 5C,4,1998,23,11.7,3.58,1.77,7.3,55,1.1,6.636363636
Cabernet Sauvignon,039-16,4,1999,22.7,7.55,3.42,1.03,7.4,92,1.266666667,5.842105263
Cabernet Sauvignon,039-16,3,1999,23.7,7.45,3.35,1.385,16.33333333,144.6666667,1.136666667,14.36950147
Cabernet Sauvignon,039-16,2,1999,22.1,6.1,3.6,1.551,20.66666667,151.3333333,1.063333333,19.43573668
Cabernet Sauvignon,039-16,1,1999,22.8,6.9,3.43,1.191,16.33333333,145.3333333,0.746666667,21.875
Cabernet Sauvignon,101-14 MGT,1,1999,23,8,3.31,1.23,13.66666667,133.3333333,0.68,20.09803922
Cabernet Sauvignon,101-14 MGT,3,1999,23.3,6.35,3.38,1.144,13.66666667,110,1.266666667,10.78947368
Cabernet Sauvignon,101-14 MGT,2,1999,22.5,6,3.5,0.989,13,117.3333333,0.64,20.3125
Cabernet Sauvignon,101-14 MGT,4,1999,23,6,3.57,1.343,12.33333333,129.6666667,1.333333333,9.25
Cabernet Sauvignon,110 Richter,3,1999,23,8.05,3.34,1.126,16,173,1.366666667,11.70731707
Cabernet Sauvignon,110 Richter,1,1999,23.4,8.9,3.22,1.267,13,141,1.266666667,10.26315789
Cabernet Sauvignon,110 Richter,4,1999,23.5,6.3,3.69,1.281,17.66666667,101,1.7,10.39215686
Cabernet Sauvignon,110 Richter,2,1999,23,7.1,3.4,1.343,17,139,0.97,17.5257732
Cabernet Sauvignon,1103 Paulsen,2,1999,24,8.6,3.25,1.325,16.66666667,163.6666667,1.5,11.11111111
Cabernet Sauvignon,1103 Paulsen,3,1999,23.2,8.25,3.29,1.13,18.66666667,136.6666667,1.966666667,9.491525424
Cabernet Sauvignon,1103 Paulsen,1,1999,23.5,7.9,3.21,1.274,12.3,113,1.05,11.71428571
Cabernet Sauvignon,1103 Paulsen,4,1999,22,6.4,3.67,1.252,19.33333333,169,2.133333333,9.0625
Cabernet Sauvignon,140Ru,2,1999,22.1,8,3.3,1.112,13.56666667,114.6666667,0.776666667,17.46781116
Cabernet Sauvignon,140Ru,1,1999,23.2,8.8,3.18,1.311,11.6,104,0.596666667,19.44134078
Cabernet Sauvignon,140Ru,3,1999,24,7.85,3.29,1.429,14.33333333,123.6666667,1.173333333,12.21590909
Cabernet Sauvignon,140Ru,4,1999,23,6.3,3.52,1.101,13,148,1.233333333,10.54054054
Cabernet Sauvignon,3309 Couderc,1,1999,25.1,8.4,3.19,1.216,7.1,88.66666667,0.763333333,9.301310044
Cabernet Sauvignon,3309 Couderc,2,1999,24,8.2,3.26,1.831,18,162.3333333,1.223333333,14.71389646
Cabernet Sauvignon,3309 Couderc,4,1999,23.1,5.7,3.65,1.38,13.33333333,130,1.266666667,10.52631579
Cabernet Sauvignon,3309 Couderc,3,1999,22.1,6.5,3.47,1.16,14,125.3333333,1.35,10.37037037
Cabernet Sauvignon,420 A,2,1999,21.2,8.1,3.36,1.076,10.43333333,110.3333333,0.263333333,39.62025316
Cabernet Sauvignon,420 A,1,1999,22.2,5.7,3.51,1.228,15,144.3333333,0.703333333,21.32701422
Cabernet Sauvignon,420 A,4,1999,22,5.8,3.57,1.143,16.33333333,131.3333333,0.936666667,17.43772242
Cabernet Sauvignon,420 A,3,1999,20.5,6.5,3.45,1.593,21.33333333,146,1.4,15.23809524
Cabernet Sauvignon,775 Paulsen,1,1999,25,7.25,3.51,1.095,4.966666667,112.3333333,1.35,3.679012346
Cabernet Sauvignon,775 Paulsen,4,1999,24,7.9,3.46,1.138,12.5,149,1.8,6.944444444
Cabernet Sauvignon,775 Paulsen,2,1999,23.7,7.3,3.27,1.241,14.66666667,146.6666667,1.3,11.28205128
Cabernet Sauvignon,775 Paulsen,3,1999,23.1,6.7,3.59,0.865,9.5,115,1.833333333,5.181818182
Cabernet Sauvignon,Freedom,4,1999,22,7.65,3.47,1.147,13.6,130,1.766666667,7.698113208
Cabernet Sauvignon,Freedom,3,1999,23.6,7.8,3.33,1.036,15.73333333,134.3333333,1.733333333,9.076923077
Cabernet Sauvignon,Freedom,1,1999,21.2,6.7,3.5,1.499,12.93333333,123.3333333,0.593333333,21.79775281
Cabernet Sauvignon,Freedom,2,1999,23.1,6.2,3.61,1.259,19,154,0.763333333,24.89082969
Cabernet Sauvignon,K51-32,4,1999,23.1,7.45,3.35,1.77,15.33333333,143.3333333,1.6,9.583333333
Cabernet Sauvignon,K51-32,3,1999,22,6.4,3.62,1.013,14.33333333,125.6666667,1.196666667,11.97771588
Cabernet Sauvignon,K51-32,2,1999,22.2,6.3,3.44,1.406,15.33333333,110.3333333,0.756666667,20.26431718
Cabernet Sauvignon,K51-32,1,1999,22.8,7,3.61,1.608,20.66666667,128.6666667,1.566666667,13.19148936
Cabernet Sauvignon,Kober 5BB,2,1999,24,8,3.25,1.223,14,120.6666667,1.026666667,13.63636364
Cabernet Sauvignon,Kober 5BB,4,1999,23.1,NA,3.36,1.167,14,143.6666667,1.2,11.66666667
Cabernet Sauvignon,Kober 5BB,1,1999,21.5,6.2,3.46,1.039,11.26666667,105,0.436666667,25.80152672
Cabernet Sauvignon,Kober 5BB,3,1999,22,5.9,3.49,1.473,16,131.5,1,16
Cabernet Sauvignon,Ramsey,4,1999,24.9,7.2,3.39,1.082,15.33333333,120.6666667,1.466666667,10.45454545
Cabernet Sauvignon,Ramsey,1,1999,23,9.9,3.25,1.123,13.9,161.3333333,1.12,12.41071429
Cabernet Sauvignon,Ramsey,3,1999,23.9,7.95,3.34,1.109,13,174,1.9,6.842105263
Cabernet Sauvignon,Ramsey,2,1999,21.5,6.7,3.48,1.571,22.66666667,176.6666667,1.566666667,14.46808511
Cabernet Sauvignon,Schwarzmann,2,1999,22,8.2,3.24,1.38,13.33333333,136,0.98,13.60544218
Cabernet Sauvignon,Schwarzmann,1,1999,23.6,8,3.25,1.342,14,122,0.82,17.07317073
Cabernet Sauvignon,Schwarzmann,4,1999,24,6.6,3.4,1.241,18.33333333,141.3333333,1.333333333,13.75
Cabernet Sauvignon,Schwarzmann,3,1999,22,5.8,3.53,1.178,13.33333333,107.3333333,0.636666667,20.94240838
Cabernet Sauvignon,SO4,2,1999,23.2,8.4,3.22,1.218,17,152.5,0.906666667,18.75
Cabernet Sauvignon,SO4,4,1999,22.6,6.55,3.32,1.082,12,162,0.68,17.64705882
Cabernet Sauvignon,SO4,1,1999,24,7.1,3.43,1.159,14.33333333,128,0.686666667,20.87378641
Cabernet Sauvignon,SO4,3,1999,22.1,6.1,3.63,1.316,13,106.3333333,0.59,22.03389831
Cabernet Sauvignon,Teleki 5C,3,1999,21.1,7.75,3.27,1.061,12.66666667,133.6666667,0.9,14.07407407
Cabernet Sauvignon,Teleki 5C,4,1999,24,6.85,3.33,1.082,12,125,0.77,15.58441558
Cabernet Sauvignon,Teleki 5C,2,1999,24.1,8.2,3.23,1.254,12.66666667,137,0.796666667,15.89958159
Cabernet Sauvignon,Teleki 5C,1,1999,23.1,7.4,3.4,1.488,11.63333333,106.6666667,0.613333333,18.9673913
Chardonnay,039-16,1,1999,22,9.1,3.04,1.59,11,66.66666667,0.47,23.40425532
Chardonnay,039-16,2,1999,22,9.6,3.09,1.67,20.66666667,98.66666667,1.1,18.78787879
Chardonnay,039-16,3,1999,23.7,9.1,3.5,1.58,12.9,75.66666667,1.286666667,10.02590674
Chardonnay,039-16,4,1999,23.2,11.2,3.27,1.66,9.633333333,84,1.33,7.243107769
Chardonnay,101-14 MGT,1,1999,23,10.1,3.17,1.53,8.366666667,65.66666667,0.78,10.72649573
Chardonnay,101-14 MGT,2,1999,23.8,10.3,3.05,1.6,12.33333333,72.66666667,0.583333333,21.14285714
Chardonnay,101-14 MGT,3,1999,24,13,3.15,1.63,8.466666667,70,0.99,8.552188552
Chardonnay,101-14 MGT,4,1999,23,9.9,3.12,1.57,14,71.33333333,1.006666667,13.90728477
Chardonnay,110 Richter,1,1999,23.2,9.9,3.34,1.67,16.33333333,98.66666667,1.393333333,11.72248804
Chardonnay,110 Richter,2,1999,22.6,10.2,3.01,1.67,16.66666667,97.66666667,0.866666667,19.23076923
Chardonnay,110 Richter,3,1999,23.8,11.4,3.16,1.77,12.66666667,103.6666667,1.2,10.55555556
Chardonnay,110 Richter,4,1999,22,10.2,3.12,1.47,18.33333333,100.3333333,1.3,14.1025641
Chardonnay,1103 Paulsen,1,1999,25,10.4,3.45,1.64,10.56666667,80,1.033333333,10.22580645
Chardonnay,1103 Paulsen,2,1999,23,11.3,3.19,1.62,6.866666667,77.66666667,1.066666667,6.4375
Chardonnay,1103 Paulsen,3,1999,24,10.2,3.49,1.45,12,83.33333333,1.53,7.843137255
Chardonnay,1103 Paulsen,4,1999,23.5,11.5,3.2,1.54,13,97,1.933333333,6.724137931
Chardonnay,140Ru,1,1999,24.1,9.9,3.42,1.6,9.766666667,76.66666667,0.646666667,15.10309278
Chardonnay,140Ru,2,1999,23,11,3.2,1.55,8.6,78,0.613333333,14.02173913
Chardonnay,140Ru,3,1999,23.5,10.1,3.09,1.65,9.733333333,73.33333333,1.286666667,7.564766839
Chardonnay,140Ru,4,1999,24.1,11.8,3.19,1.62,8.7,76,0.92,9.456521739
Chardonnay,3309 Couderc,1,1999,23.9,11.4,3.17,1.71,9.8,67.33333333,0.663333333,14.77386935
Chardonnay,3309 Couderc,2,1999,23.2,9.7,3.44,1.7,12.43333333,69.66666667,1.066666667,11.65625
Chardonnay,3309 Couderc,3,1999,24,9.6,3.19,1.45,11.76666667,94.33333333,1.15,10.23188406
Chardonnay,3309 Couderc,4,1999,23,9.9,3.49,1.4,8.1,78.66666667,1.9,4.263157895
Chardonnay,420 A,1,1999,21.6,8.6,3.06,1.65,12.66666667,65.66666667,0.566666667,22.35294118
Chardonnay,420 A,2,1999,23.7,10.1,3.32,1.63,10.96666667,77,0.586666667,18.69318182
Chardonnay,420 A,3,1999,20.9,10.7,3.05,1.52,10.66666667,68.66666667,0.456666667,23.35766423
Chardonnay,420 A,4,1999,23.4,11.5,3.12,1.51,12.66666667,79.33333333,0.63,20.10582011
Chardonnay,775 Paulsen,1,1999,23.5,11.4,3.23,1.35,4.033333333,73.33333333,0.606666667,6.648351648
Chardonnay,775 Paulsen,2,1999,24,9.1,3.56,1.47,6.033333333,69,0.87,6.9348659
Chardonnay,775 Paulsen,3,1999,23.6,11.6,3.2,1.25,8.066666667,62,0.883333333,9.132075472
Chardonnay,775 Paulsen,4,1999,23.5,10.1,3.41,1.58,10.1,83.66666667,1.36,7.426470588
Chardonnay,Freedom,1,1999,23.7,9.9,3.06,1.66,16.33333333,101.6666667,0.916666667,17.81818182
Chardonnay,Freedom,2,1999,23.6,12.4,3.19,1.77,8.466666667,65,0.763333333,11.09170306
Chardonnay,Freedom,3,1999,22.4,10.6,3.18,1.72,19.33333333,88.33333333,1.35,14.32098765
Chardonnay,Freedom,4,1999,23.1,10.1,3.55,1.53,15.33333333,95.33333333,1.8,8.518518519
Chardonnay,K51-32,1,1999,23.4,10.4,3.03,1.68,12,63.66666667,0.75,16
Chardonnay,K51-32,2,1999,23,10.6,3.12,1.64,15.33333333,84.66666667,0.77,19.91341991
Chardonnay,K51-32,3,1999,23,11.3,3.17,1.67,9.3,74.66666667,0.836666667,11.11553785
Chardonnay,K51-32,4,1999,23,10.1,3.43,1.44,11,86,1.6,6.875
Chardonnay,Kober 5BB,1,1999,23.1,8.9,3.08,1.51,10.9,78,0.603333333,18.06629834
Chardonnay,Kober 5BB,2,1999,24.7,10.5,3.22,1.38,8,65.66666667,1.063333333,7.523510972
Chardonnay,Kober 5BB,3,1999,24.5,9,3.44,1.52,11.03333333,87.66666667,1.226666667,8.994565217
Chardonnay,Kober 5BB,4,1999,24,9.8,3.1,1.49,19.5,111.5,1.063333333,18.33855799
Chardonnay,Ramsey,1,1999,23.1,11.8,3.18,1.74,10.7,69,1.8,5.944444444
Chardonnay,Ramsey,2,1999,24,10.3,3.46,1.61,14,86.66666667,0.68,20.58823529
Chardonnay,Ramsey,3,1999,22,10.1,3.15,1.55,11.66666667,97,1.086666667,10.73619632
Chardonnay,Ramsey,4,1999,23.2,10.3,3.43,1.58,15.66666667,84,1.7,9.215686275
Chardonnay,SO4,1,1999,24.8,9.1,3.14,1.49,11.33333333,91,0.94,12.05673759
Chardonnay,SO4,2,1999,24.1,11.5,3.16,1.57,5.766666667,76.33333333,0.803333333,7.178423237
Chardonnay,SO4,3,1999,24.4,9,3.47,1.36,6.7,67.33333333,0.883333333,7.58490566
Chardonnay,SO4,4,1999,24.1,9.2,3.08,1.5,11.43333333,66,1.063333333,10.7523511
Chardonnay,Schwarzmann,1,1999,23.1,9.6,3.35,1.61,9.633333333,61.33333333,0.47,20.4964539
Chardonnay,Schwarzmann,2,1999,24,10.3,3.17,1.57,6.9,75.66666667,0.643333333,10.7253886
Chardonnay,Schwarzmann,3,1999,24,8.5,3.49,1.4,10.16666667,82,0.816666667,12.44897959
Chardonnay,Schwarzmann,4,1999,22.5,9.8,3.08,1.45,15.66666667,74.33333333,0.896666667,17.47211896
Chardonnay,Teleki 5C,1,1999,24,11.3,3.19,1.44,8.333333333,76.66666667,0.793333333,10.50420168
Chardonnay,Teleki 5C,2,1999,21.4,10.2,3.01,1.6,15,85,0.71,21.12676056
Chardonnay,Teleki 5C,3,1999,24,10,3.37,1.59,14.66666667,80.66666667,0.636666667,23.03664921
Chardonnay,Teleki 5C,4,1999,23.7,9.7,3.35,1.45,10.1,60.33333333,0.633333333,15.94736842